Workbook

Sheet Time Log
A1: Date | B1: Person | C1: Project | D1: Phase | E1: Task / note | F1: Hours | G1: Source | H1: Month
A2: 46037 | B2: Kevin DeCloedt | C2: C2D: Cybertraining for Chemical Data scientists | D2: Pre-Production | E2: Pre-production Meetings | F2: 1.25 | G2: Asana | H2: =IF($A2="","",TEXT($A2,"YYYY-MM"))
A3: 46042 | B3: Kevin DeCloedt | C3: C2D: Cybertraining for Chemical Data scientists | D3: Pre-Production | E3: Creative Treatment / Lookbook | F3: 1 | G3: Asana | H3: =IF($A3="","",TEXT($A3,"YYYY-MM"))
A4: 46043 | B4: Kevin DeCloedt | C4: Business for Humans | Sheedy Family Program | D4: Pre-Production | E4: Develop Production Schedule | F4: 0.5 | G4: Asana | H4: =IF($A4="","",TEXT($A4,"YYYY-MM"))
A5: 46043 | B5: Kevin DeCloedt | C5: Business for Humans | Sheedy Family Program | D5: Pre-Production | E5: Pre-Production Meetings | F5: 1 | G5: Asana | H5: =IF($A5="","",TEXT($A5,"YYYY-MM"))
A6: 46044 | B6: Kevin DeCloedt | C6: C2D: Cybertraining for Chemical Data scientists | D6: Pre-Production | E6: Develop Production Schedule | F6: 1 | G6: Asana | H6: =IF($A6="","",TEXT($A6,"YYYY-MM"))
A7: 46044 | B7: Kevin DeCloedt | C7: C2D: Cybertraining for Chemical Data scientists | D7: Pre-Production | E7: Pre-production Meetings | F7: 1 | G7: Asana | H7: =IF($A7="","",TEXT($A7,"YYYY-MM"))
A8: 46044 | B8: Brianna Stines | C8: I CAN HELP Learning Modules | D8: Design | E8: Develop Learning Objectives | F8: 1 | G8: Asana | H8: =IF($A8="","",TEXT($A8,"YYYY-MM"))
A9: 46044 | B9: Brianna Stines | C9: I CAN HELP Learning Modules | D9: Design | E9: Develop Course Structure / Flow | F9: 2 | G9: Asana | H9: =IF($A9="","",TEXT($A9,"YYYY-MM"))
A10: 46044 | B10: Brianna Stines | C10: I CAN HELP Learning Modules | D10: Design | E10: Finalize Modules on Course Map | F10: 2 | G10: Asana | H10: =IF($A10="","",TEXT($A10,"YYYY-MM"))
A11: 46045 | B11: Annie Conaghan | C11: National Education Opportunities Network (NEON) | D11: PM Time Tracking: Lawrence | E11: Week of January 19-23 | F11: 10 | G11: Asana | H11: =IF($A11="","",TEXT($A11,"YYYY-MM"))
A12: 46045 | B12: Matthew Simmons | C12: ODL Podcast | D12: Media Timetracking (Matthew) | E12: 1/19/26-1/23/26 | F12: 1.5 | G12: Asana | H12: =IF($A12="","",TEXT($A12,"YYYY-MM"))
A13: 46045 | B13: Kevin DeCloedt | C13: Business for Humans | Sheedy Family Program | D13: Pre-Production | E13: Creative Treatment/ Lookbook | F13: 1.75 | G13: Asana | H13: =IF($A13="","",TEXT($A13,"YYYY-MM"))
... A178: 46195 | B178: Matthew Simmons | C178: Ultrasound Communication Video | D178: Media Timetracking | E178: 6/22 - 6/26 | F178: 2 | G178: Asana | H178: =IF($A178="","",TEXT($A178,"YYYY-MM"))
H179: =IF($A179="","",TEXT($A179,"YYYY-MM"))
H180: =IF($A180="","",TEXT($A180,"YYYY-MM"))
H181: =IF($A181="","",TEXT($A181,"YYYY-MM"))
H182: =IF($A182="","",TEXT($A182,"YYYY-MM"))
H183: =IF($A183="","",TEXT($A183,"YYYY-MM"))
H184: =IF($A184="","",TEXT($A184,"YYYY-MM"))
H185: =IF($A185="","",TEXT($A185,"YYYY-MM"))
H186: =IF($A186="","",TEXT($A186,"YYYY-MM"))
H187: =IF($A187="","",TEXT($A187,"YYYY-MM"))
H188: =IF($A188="","",TEXT($A188,"YYYY-MM"))
H189: =IF($A189="","",TEXT($A189,"YYYY-MM"))
H190: =IF($A190="","",TEXT($A190,"YYYY-MM"))
... H3000: =IF($A3000="","",TEXT($A3000,"YYYY-MM"))

Sheet Read Me (Time Log)
A1: ODL Time Log — how this works
A3: Asana's time-entry (timesheet) feature lapsed on June 24, 2026. Until it's back, this tab is
A4: where we keep our shared picture of where project time goes — same names, same phases,
A5: same feel as Asana, just in the planning sheet we already use.
A7: Logging time (under a minute):
A8: 1. Open the Time Log tab and go to the first empty row.
A9: 2. Date · your name · project · phase — each is a dropdown with the same options as Asana.
A10: 3. Add a short task note if you like, then hours (e.g. 1.5). Leave Source as Manual.
A12: Log as you go, or batch it — a Friday 5-minute wrap-up works fine. One row per chunk of work.
A14: What's automatic:
A15: • Grey rows marked “Asana” are synced from Asana's records — please don't edit those.
A16: • The PM dashboard picks up Manual rows in its nightly rebuild, so logged time keeps
... A27: Kit generated 2026-07-02 from the latest Asana snapshot.

Sheet Time Summary
A1: Hours by person — 2026 (from the Time Log tab)
A2: Person | B2: 2026-01 | C2: 2026-02 | D2: 2026-03 | E2: 2026-04 | F2: 2026-05 | G2: 2026-06 | H2: 2026-07 | I2: 2026-08 | J2: 2026-09 | K2: 2026-10 | L2: 2026-11 | M2: 2026-12 | N2: Total | O2: Most recent entry
A3: Adam Heet | B3: =SUMIFS('Time Log'!$F:$F,'Time Log'!$B:$B,$A3,'Time Log'!$H:$H,B$2) | C3: =SUMIFS('Time Log'!$F:$F,'Time Log'!$B:$B,$A3,'Time Log'!$H:$H,C$2) | D3: =SUMIFS('Time Log'!$F:$F,'Time Log'!$B:$B,$A3,'Time Log'!$H:$H,D$2) | E3: =SUMIFS('Time Log'!$F:$F,'Time Log'!$B:$B,$A3,'Time Log'!$H:$H,E$2) | F3: =SUMIFS('Time Log'!$F:$F,'Time Log'!$B:$B,$A3,'Time Log'!$H:$H,F$2) | G3: =SUMIFS('Time Log'!$F:$F,'Time Log'!$B:$B,$A3,'Time Log'!$H:$H,G$2) | H3: =SUMIFS('Time Log'!$F:$F,'Time Log'!$B:$B,$A3,'Time Log'!$H:$H,H$2) | I3: =SUMIFS('Time Log'!$F:$F,'Time Log'!$B:$B,$A3,'Time Log'!$H:$H,I$2) | ... M3: =SUMIFS('Time Log'!$F:$F,'Time Log'!$B:$B,$A3,'Time Log'!$H:$H,M$2) | N3: =SUM(B3:M3) | O3: =IF(COUNTIF('Time Log'!$B:$B,$A3)=0,"—",TEXT(MAXIFS('Time Log'!$A:$A,'Time Log'!$B:$B,$A3),"yyyy-mm-dd"))
A4: Alyssa Neece | B4: =SUMIFS('Time Log'!$F:$F,'Time Log'!$B:$B,$A4,'Time Log'!$H:$H,B$2) | C4: =SUMIFS('Time Log'!$F:$F,'Time Log'!$B:$B,$A4,'Time Log'!$H:$H,C$2) | D4: =SUMIFS('Time Log'!$F:$F,'Time Log'!$B:$B,$A4,'Time Log'!$H:$H,D$2) | E4: =SUMIFS('Time Log'!$F:$F,'Time Log'!$B:$B,$A4,'Time Log'!$H:$H,E$2) | F4: =SUMIFS('Time Log'!$F:$F,'Time Log'!$B:$B,$A4,'Time Log'!$H:$H,F$2) | G4: =SUMIFS('Time Log'!$F:$F,'Time Log'!$B:$B,$A4,'Time Log'!$H:$H,G$2) | H4: =SUMIFS('Time Log'!$F:$F,'Time Log'!$B:$B,$A4,'Time Log'!$H:$H,H$2) | I4: =SUMIFS('Time Log'!$F:$F,'Time Log'!$B:$B,$A4,'Time Log'!$H:$H,I$2) | ... M4: =SUMIFS('Time Log'!$F:$F,'Time Log'!$B:$B,$A4,'Time Log'!$H:$H,M$2) | N4: =SUM(B4:M4) | O4: =IF(COUNTIF('Time Log'!$B:$B,$A4)=0,"—",TEXT(MAXIFS('Time Log'!$A:$A,'Time Log'!$B:$B,$A4),"yyyy-mm-dd"))
A5: Annie Conaghan | B5: =SUMIFS('Time Log'!$F:$F,'Time Log'!$B:$B,$A5,'Time Log'!$H:$H,B$2) | C5: =SUMIFS('Time Log'!$F:$F,'Time Log'!$B:$B,$A5,'Time Log'!$H:$H,C$2) | D5: =SUMIFS('Time Log'!$F:$F,'Time Log'!$B:$B,$A5,'Time Log'!$H:$H,D$2) | E5: =SUMIFS('Time Log'!$F:$F,'Time Log'!$B:$B,$A5,'Time Log'!$H:$H,E$2) | F5: =SUMIFS('Time Log'!$F:$F,'Time Log'!$B:$B,$A5,'Time Log'!$H:$H,F$2) | G5: =SUMIFS('Time Log'!$F:$F,'Time Log'!$B:$B,$A5,'Time Log'!$H:$H,G$2) | H5: =SUMIFS('Time Log'!$F:$F,'Time Log'!$B:$B,$A5,'Time Log'!$H:$H,H$2) | I5: =SUMIFS('Time Log'!$F:$F,'Time Log'!$B:$B,$A5,'Time Log'!$H:$H,I$2) | ... M5: =SUMIFS('Time Log'!$F:$F,'Time Log'!$B:$B,$A5,'Time Log'!$H:$H,M$2) | N5: =SUM(B5:M5) | O5: =IF(COUNTIF('Time Log'!$B:$B,$A5)=0,"—",TEXT(MAXIFS('Time Log'!$A:$A,'Time Log'!$B:$B,$A5),"yyyy-mm-dd"))
A6: Brianna Stines | B6: =SUMIFS('Time Log'!$F:$F,'Time Log'!$B:$B,$A6,'Time Log'!$H:$H,B$2) | C6: =SUMIFS('Time Log'!$F:$F,'Time Log'!$B:$B,$A6,'Time Log'!$H:$H,C$2) | D6: =SUMIFS('Time Log'!$F:$F,'Time Log'!$B:$B,$A6,'Time Log'!$H:$H,D$2) | E6: =SUMIFS('Time Log'!$F:$F,'Time Log'!$B:$B,$A6,'Time Log'!$H:$H,E$2) | F6: =SUMIFS('Time Log'!$F:$F,'Time Log'!$B:$B,$A6,'Time Log'!$H:$H,F$2) | G6: =SUMIFS('Time Log'!$F:$F,'Time Log'!$B:$B,$A6,'Time Log'!$H:$H,G$2) | H6: =SUMIFS('Time Log'!$F:$F,'Time Log'!$B:$B,$A6,'Time Log'!$H:$H,H$2) | I6: =SUMIFS('Time Log'!$F:$F,'Time Log'!$B:$B,$A6,'Time Log'!$H:$H,I$2) | ... M6: =SUMIFS('Time Log'!$F:$F,'Time Log'!$B:$B,$A6,'Time Log'!$H:$H,M$2) | N6: =SUM(B6:M6) | O6: =IF(COUNTIF('Time Log'!$B:$B,$A6)=0,"—",TEXT(MAXIFS('Time Log'!$A:$A,'Time Log'!$B:$B,$A6),"yyyy-mm-dd"))
A7: Colin Gallagher | B7: =SUMIFS('Time Log'!$F:$F,'Time Log'!$B:$B,$A7,'Time Log'!$H:$H,B$2) | C7: =SUMIFS('Time Log'!$F:$F,'Time Log'!$B:$B,$A7,'Time Log'!$H:$H,C$2) | D7: =SUMIFS('Time Log'!$F:$F,'Time Log'!$B:$B,$A7,'Time Log'!$H:$H,D$2) | E7: =SUMIFS('Time Log'!$F:$F,'Time Log'!$B:$B,$A7,'Time Log'!$H:$H,E$2) | F7: =SUMIFS('Time Log'!$F:$F,'Time Log'!$B:$B,$A7,'Time Log'!$H:$H,F$2) | G7: =SUMIFS('Time Log'!$F:$F,'Time Log'!$B:$B,$A7,'Time Log'!$H:$H,G$2) | H7: =SUMIFS('Time Log'!$F:$F,'Time Log'!$B:$B,$A7,'Time Log'!$H:$H,H$2) | I7: =SUMIFS('Time Log'!$F:$F,'Time Log'!$B:$B,$A7,'Time Log'!$H:$H,I$2) | ... M7: =SUMIFS('Time Log'!$F:$F,'Time Log'!$B:$B,$A7,'Time Log'!$H:$H,M$2) | N7: =SUM(B7:M7) | O7: =IF(COUNTIF('Time Log'!$B:$B,$A7)=0,"—",TEXT(MAXIFS('Time Log'!$A:$A,'Time Log'!$B:$B,$A7),"yyyy-mm-dd"))
A8: Derrick Patrick | B8: =SUMIFS('Time Log'!$F:$F,'Time Log'!$B:$B,$A8,'Time Log'!$H:$H,B$2) | C8: =SUMIFS('Time Log'!$F:$F,'Time Log'!$B:$B,$A8,'Time Log'!$H:$H,C$2) | D8: =SUMIFS('Time Log'!$F:$F,'Time Log'!$B:$B,$A8,'Time Log'!$H:$H,D$2) | E8: =SUMIFS('Time Log'!$F:$F,'Time Log'!$B:$B,$A8,'Time Log'!$H:$H,E$2) | F8: =SUMIFS('Time Log'!$F:$F,'Time Log'!$B:$B,$A8,'Time Log'!$H:$H,F$2) | G8: =SUMIFS('Time Log'!$F:$F,'Time Log'!$B:$B,$A8,'Time Log'!$H:$H,G$2) | H8: =SUMIFS('Time Log'!$F:$F,'Time Log'!$B:$B,$A8,'Time Log'!$H:$H,H$2) | I8: =SUMIFS('Time Log'!$F:$F,'Time Log'!$B:$B,$A8,'Time Log'!$H:$H,I$2) | ... M8: =SUMIFS('Time Log'!$F:$F,'Time Log'!$B:$B,$A8,'Time Log'!$H:$H,M$2) | N8: =SUM(B8:M8) | O8: =IF(COUNTIF('Time Log'!$B:$B,$A8)=0,"—",TEXT(MAXIFS('Time Log'!$A:$A,'Time Log'!$B:$B,$A8),"yyyy-mm-dd"))
A9: Janyl Ismailova | B9: =SUMIFS('Time Log'!$F:$F,'Time Log'!$B:$B,$A9,'Time Log'!$H:$H,B$2) | C9: =SUMIFS('Time Log'!$F:$F,'Time Log'!$B:$B,$A9,'Time Log'!$H:$H,C$2) | D9: =SUMIFS('Time Log'!$F:$F,'Time Log'!$B:$B,$A9,'Time Log'!$H:$H,D$2) | E9: =SUMIFS('Time Log'!$F:$F,'Time Log'!$B:$B,$A9,'Time Log'!$H:$H,E$2) | F9: =SUMIFS('Time Log'!$F:$F,'Time Log'!$B:$B,$A9,'Time Log'!$H:$H,F$2) | G9: =SUMIFS('Time Log'!$F:$F,'Time Log'!$B:$B,$A9,'Time Log'!$H:$H,G$2) | H9: =SUMIFS('Time Log'!$F:$F,'Time Log'!$B:$B,$A9,'Time Log'!$H:$H,H$2) | I9: =SUMIFS('Time Log'!$F:$F,'Time Log'!$B:$B,$A9,'Time Log'!$H:$H,I$2) | ... M9: =SUMIFS('Time Log'!$F:$F,'Time Log'!$B:$B,$A9,'Time Log'!$H:$H,M$2) | N9: =SUM(B9:M9) | O9: =IF(COUNTIF('Time Log'!$B:$B,$A9)=0,"—",TEXT(MAXIFS('Time Log'!$A:$A,'Time Log'!$B:$B,$A9),"yyyy-mm-dd"))
A10: John Corba | B10: =SUMIFS('Time Log'!$F:$F,'Time Log'!$B:$B,$A10,'Time Log'!$H:$H,B$2) | C10: =SUMIFS('Time Log'!$F:$F,'Time Log'!$B:$B,$A10,'Time Log'!$H:$H,C$2) | D10: =SUMIFS('Time Log'!$F:$F,'Time Log'!$B:$B,$A10,'Time Log'!$H:$H,D$2) | E10: =SUMIFS('Time Log'!$F:$F,'Time Log'!$B:$B,$A10,'Time Log'!$H:$H,E$2) | F10: =SUMIFS('Time Log'!$F:$F,'Time Log'!$B:$B,$A10,'Time Log'!$H:$H,F$2) | G10: =SUMIFS('Time Log'!$F:$F,'Time Log'!$B:$B,$A10,'Time Log'!$H:$H,G$2) | H10: =SUMIFS('Time Log'!$F:$F,'Time Log'!$B:$B,$A10,'Time Log'!$H:$H,H$2) | I10: =SUMIFS('Time Log'!$F:$F,'Time Log'!$B:$B,$A10,'Time Log'!$H:$H,I$2) | ... M10: =SUMIFS('Time Log'!$F:$F,'Time Log'!$B:$B,$A10,'Time Log'!$H:$H,M$2) | N10: =SUM(B10:M10) | O10: =IF(COUNTIF('Time Log'!$B:$B,$A10)=0,"—",TEXT(MAXIFS('Time Log'!$A:$A,'Time Log'!$B:$B,$A10),"yyyy-mm-dd"))
A11: KC Frye | B11: =SUMIFS('Time Log'!$F:$F,'Time Log'!$B:$B,$A11,'Time Log'!$H:$H,B$2) | C11: =SUMIFS('Time Log'!$F:$F,'Time Log'!$B:$B,$A11,'Time Log'!$H:$H,C$2) | D11: =SUMIFS('Time Log'!$F:$F,'Time Log'!$B:$B,$A11,'Time Log'!$H:$H,D$2) | E11: =SUMIFS('Time Log'!$F:$F,'Time Log'!$B:$B,$A11,'Time Log'!$H:$H,E$2) | F11: =SUMIFS('Time Log'!$F:$F,'Time Log'!$B:$B,$A11,'Time Log'!$H:$H,F$2) | G11: =SUMIFS('Time Log'!$F:$F,'Time Log'!$B:$B,$A11,'Time Log'!$H:$H,G$2) | H11: =SUMIFS('Time Log'!$F:$F,'Time Log'!$B:$B,$A11,'Time Log'!$H:$H,H$2) | I11: =SUMIFS('Time Log'!$F:$F,'Time Log'!$B:$B,$A11,'Time Log'!$H:$H,I$2) | ... M11: =SUMIFS('Time Log'!$F:$F,'Time Log'!$B:$B,$A11,'Time Log'!$H:$H,M$2) | N11: =SUM(B11:M11) | O11: =IF(COUNTIF('Time Log'!$B:$B,$A11)=0,"—",TEXT(MAXIFS('Time Log'!$A:$A,'Time Log'!$B:$B,$A11),"yyyy-mm-dd"))
A12: Kevin DeCloedt | B12: =SUMIFS('Time Log'!$F:$F,'Time Log'!$B:$B,$A12,'Time Log'!$H:$H,B$2) | C12: =SUMIFS('Time Log'!$F:$F,'Time Log'!$B:$B,$A12,'Time Log'!$H:$H,C$2) | D12: =SUMIFS('Time Log'!$F:$F,'Time Log'!$B:$B,$A12,'Time Log'!$H:$H,D$2) | E12: =SUMIFS('Time Log'!$F:$F,'Time Log'!$B:$B,$A12,'Time Log'!$H:$H,E$2) | F12: =SUMIFS('Time Log'!$F:$F,'Time Log'!$B:$B,$A12,'Time Log'!$H:$H,F$2) | G12: =SUMIFS('Time Log'!$F:$F,'Time Log'!$B:$B,$A12,'Time Log'!$H:$H,G$2) | H12: =SUMIFS('Time Log'!$F:$F,'Time Log'!$B:$B,$A12,'Time Log'!$H:$H,H$2) | I12: =SUMIFS('Time Log'!$F:$F,'Time Log'!$B:$B,$A12,'Time Log'!$H:$H,I$2) | ... M12: =SUMIFS('Time Log'!$F:$F,'Time Log'!$B:$B,$A12,'Time Log'!$H:$H,M$2) | N12: =SUM(B12:M12) | O12: =IF(COUNTIF('Time Log'!$B:$B,$A12)=0,"—",TEXT(MAXIFS('Time Log'!$A:$A,'Time Log'!$B:$B,$A12),"yyyy-mm-dd"))
A13: Kuangchen Hsu | B13: =SUMIFS('Time Log'!$F:$F,'Time Log'!$B:$B,$A13,'Time Log'!$H:$H,B$2) | C13: =SUMIFS('Time Log'!$F:$F,'Time Log'!$B:$B,$A13,'Time Log'!$H:$H,C$2) | D13: =SUMIFS('Time Log'!$F:$F,'Time Log'!$B:$B,$A13,'Time Log'!$H:$H,D$2) | E13: =SUMIFS('Time Log'!$F:$F,'Time Log'!$B:$B,$A13,'Time Log'!$H:$H,E$2) | F13: =SUMIFS('Time Log'!$F:$F,'Time Log'!$B:$B,$A13,'Time Log'!$H:$H,F$2) | G13: =SUMIFS('Time Log'!$F:$F,'Time Log'!$B:$B,$A13,'Time Log'!$H:$H,G$2) | H13: =SUMIFS('Time Log'!$F:$F,'Time Log'!$B:$B,$A13,'Time Log'!$H:$H,H$2) | I13: =SUMIFS('Time Log'!$F:$F,'Time Log'!$B:$B,$A13,'Time Log'!$H:$H,I$2) | ... M13: =SUMIFS('Time Log'!$F:$F,'Time Log'!$B:$B,$A13,'Time Log'!$H:$H,M$2) | N13: =SUM(B13:M13) | O13: =IF(COUNTIF('Time Log'!$B:$B,$A13)=0,"—",TEXT(MAXIFS('Time Log'!$A:$A,'Time Log'!$B:$B,$A13),"yyyy-mm-dd"))
A14: Lawrence Greenspun | B14: =SUMIFS('Time Log'!$F:$F,'Time Log'!$B:$B,$A14,'Time Log'!$H:$H,B$2) | C14: =SUMIFS('Time Log'!$F:$F,'Time Log'!$B:$B,$A14,'Time Log'!$H:$H,C$2) | D14: =SUMIFS('Time Log'!$F:$F,'Time Log'!$B:$B,$A14,'Time Log'!$H:$H,D$2) | E14: =SUMIFS('Time Log'!$F:$F,'Time Log'!$B:$B,$A14,'Time Log'!$H:$H,E$2) | F14: =SUMIFS('Time Log'!$F:$F,'Time Log'!$B:$B,$A14,'Time Log'!$H:$H,F$2) | G14: =SUMIFS('Time Log'!$F:$F,'Time Log'!$B:$B,$A14,'Time Log'!$H:$H,G$2) | H14: =SUMIFS('Time Log'!$F:$F,'Time Log'!$B:$B,$A14,'Time Log'!$H:$H,H$2) | I14: =SUMIFS('Time Log'!$F:$F,'Time Log'!$B:$B,$A14,'Time Log'!$H:$H,I$2) | ... M14: =SUMIFS('Time Log'!$F:$F,'Time Log'!$B:$B,$A14,'Time Log'!$H:$H,M$2) | N14: =SUM(B14:M14) | O14: =IF(COUNTIF('Time Log'!$B:$B,$A14)=0,"—",TEXT(MAXIFS('Time Log'!$A:$A,'Time Log'!$B:$B,$A14),"yyyy-mm-dd"))
... A19: Yi Lu | B19: =SUMIFS('Time Log'!$F:$F,'Time Log'!$B:$B,$A19,'Time Log'!$H:$H,B$2) | C19: =SUMIFS('Time Log'!$F:$F,'Time Log'!$B:$B,$A19,'Time Log'!$H:$H,C$2) | D19: =SUMIFS('Time Log'!$F:$F,'Time Log'!$B:$B,$A19,'Time Log'!$H:$H,D$2) | E19: =SUMIFS('Time Log'!$F:$F,'Time Log'!$B:$B,$A19,'Time Log'!$H:$H,E$2) | F19: =SUMIFS('Time Log'!$F:$F,'Time Log'!$B:$B,$A19,'Time Log'!$H:$H,F$2) | G19: =SUMIFS('Time Log'!$F:$F,'Time Log'!$B:$B,$A19,'Time Log'!$H:$H,G$2) | H19: =SUMIFS('Time Log'!$F:$F,'Time Log'!$B:$B,$A19,'Time Log'!$H:$H,H$2) | I19: =SUMIFS('Time Log'!$F:$F,'Time Log'!$B:$B,$A19,'Time Log'!$H:$H,I$2) | ... M19: =SUMIFS('Time Log'!$F:$F,'Time Log'!$B:$B,$A19,'Time Log'!$H:$H,M$2) | N19: =SUM(B19:M19) | O19: =IF(COUNTIF('Time Log'!$B:$B,$A19)=0,"—",TEXT(MAXIFS('Time Log'!$A:$A,'Time Log'!$B:$B,$A19),"yyyy-mm-dd"))
A22: Hours by project (everything in the Time Log tab)
A23: Project | B23: Hours
A24: =UNIQUE('Time Log'!$C$2:$C$3000) | B24: =IF($A24="","",SUMIFS('Time Log'!$F:$F,'Time Log'!$C:$C,$A24))
B25: =IF($A25="","",SUMIFS('Time Log'!$F:$F,'Time Log'!$C:$C,$A25))
B26: =IF($A26="","",SUMIFS('Time Log'!$F:$F,'Time Log'!$C:$C,$A26))
B27: =IF($A27="","",SUMIFS('Time Log'!$F:$F,'Time Log'!$C:$C,$A27))
B28: =IF($A28="","",SUMIFS('Time Log'!$F:$F,'Time Log'!$C:$C,$A28))
B29: =IF($A29="","",SUMIFS('Time Log'!$F:$F,'Time Log'!$C:$C,$A29))
B30: =IF($A30="","",SUMIFS('Time Log'!$F:$F,'Time Log'!$C:$C,$A30))
B31: =IF($A31="","",SUMIFS('Time Log'!$F:$F,'Time Log'!$C:$C,$A31))
B32: =IF($A32="","",SUMIFS('Time Log'!$F:$F,'Time Log'!$C:$C,$A32))
B33: =IF($A33="","",SUMIFS('Time Log'!$F:$F,'Time Log'!$C:$C,$A33))
B34: =IF($A34="","",SUMIFS('Time Log'!$F:$F,'Time Log'!$C:$C,$A34))
B35: =IF($A35="","",SUMIFS('Time Log'!$F:$F,'Time Log'!$C:$C,$A35))
B36: =IF($A36="","",SUMIFS('Time Log'!$F:$F,'Time Log'!$C:$C,$A36))
... B103: =IF($A103="","",SUMIFS('Time Log'!$F:$F,'Time Log'!$C:$C,$A103))

Sheet Lists
A1: People (as in Asana) | B1: Team | D1: Projects (as in Asana) | F1: Phases | H1: Source
A2: Adam Heet | B2: Media | D2: (Umich) Asset Spreadsheet Example | F2: Analysis | H2: Manual
A3: Alyssa Neece | D3: 2024 Projects | F3: Design | H3: Asana
A4: Annie Conaghan | B4: PM | D4: 360 XR Workshop | F4: Design Development
A5: Brianna Stines | B5: Design | D5: 3D Environments Asset Spreadsheet | F5: Pre-Production
A6: Colin Gallagher | B6: Media | D6: ACE Ascent Phase III | F6: Production
A7: Derrick Patrick | B7: Media | D7: ACE Assessment Modules Asset Spreadsheet | F7: Post-Production
A8: Janyl Ismailova | B8: PM | D8: ACE Higher Powered Learning (HPL) | F8: Course Build
A9: John Corba | D9: Addressing AI in Assessment Workshop | F9: QA / Launch
A10: KC Frye | B10: Media | D10: AI Academy Fall 2026 | F10: Post-Project Evaluation
A11: Kevin DeCloedt | B11: Media | D11: AI for the Notre Dame Community | F11: PM Time Tracking
A12: Kuangchen Hsu | B12: Design | D12: AI Video Series | F12: Media Timetracking
A13: Lawrence Greenspun | B13: PM | D13: AR Math Visualizer (Summer 2025 Pilot) | F13: Meetings
A14: Matthew Simmons | B14: Media | D14: ASCEND MCOB | F14: Other
A15: Michael Lerma | B15: PM | D15: Asset Spreadsheet Example
A16: Michael Takami | B16: PM | D16: Blackburn Videos
A17: Sonia Howell | B17: PM | D17: Borgo Laudato Si' videos
A18: Yi Lu | B18: Design | D18: Business for Humans | Sheedy Family Program
D19: Business on the Frontlines XR
D20: C2D: Cybertraining for Chemical Data scientists
D21: Calc I Summer Online Asset Spreadsheet
D22: Calc II Remodel
D23: CIF Video
D24: COIL
D25: Connections Series Handout
D26: Consultations
D27: Dengue Awareness
D28: Designing to Communicate: Strengthening Communication in Engineering Through Real-World Sustainability Contexts
D29: Digital Accessibility
D30: Digital Learning Task Force
... D87: z-Professional Development - Personal
